Timestamp,Multiplier,URL
2025-12-30T09:03:45.156Z,2.23,https://prelive0-static.pragmaticplaylive.net/desktop/highflyer/
2025-12-30T09:03:56.596Z,1.45,https://prelive0-static.pragmaticplaylive.net/desktop/highflyer/
2025-12-30T09:04:22.969Z,3.52,https://prelive0-static.pragmaticplaylive.net/desktop/highflyer/
2025-12-30T09:05:08.921Z,17.83,https://prelive0-static.pragmaticplaylive.net/desktop/highflyer/
2025-12-30T09:05:43.261Z,2.75,https://prelive0-static.pragmaticplaylive.net/desktop/highflyer/
2025-12-30T09:06:35.289Z,1.3,https://prelive0-static.pragmaticplaylive.net/desktop/highflyer/
2025-12-30T09:06:54.097Z,1.88,https://prelive0-static.pragmaticplaylive.net/desktop/highflyer/
2025-12-30T09:07:10.434Z,1.54,https://prelive0-static.pragmaticplaylive.net/desktop/highflyer/
2025-12-30T09:07:27.483Z,1.63,https://prelive0-static.pragmaticplaylive.net/desktop/highflyer/
2025-12-30T09:07:41.732Z,1.27,https://prelive0-static.pragmaticplaylive.net/desktop/highflyer/
2025-12-30T09:07:53.355Z,1.04,https://prelive0-static.pragmaticplaylive.net/desktop/highflyer/
2025-12-30T09:08:15.306Z,2.46,https://prelive0-static.pragmaticplaylive.net/desktop/highflyer/
2025-12-30T09:08:59.250Z,15.15,https://prelive0-static.pragmaticplaylive.net/desktop/highflyer/
2025-12-30T09:09:19.135Z,2.04,https://prelive0-static.pragmaticplaylive.net/desktop/highflyer/
2025-12-30T09:09:49.038Z,4.71,https://prelive0-static.pragmaticplaylive.net/desktop/highflyer/
2025-12-30T09:10:09.678Z,2.21,https://prelive0-static.pragmaticplaylive.net/desktop/highflyer/
2025-12-30T09:10:25.517Z,1.47,https://prelive0-static.pragmaticplaylive.net/desktop/highflyer/
2025-12-30T09:10:53.173Z,3.89,https://prelive0-static.pragmaticplaylive.net/desktop/highflyer/
2025-12-30T09:11:31.364Z,9.41,https://prelive0-static.pragmaticplaylive.net/desktop/highflyer/
2025-12-30T09:12:00.062Z,4.23,https://prelive0-static.pragmaticplaylive.net/desktop/highflyer/
2025-12-30T09:12:12.973Z,1.17,https://prelive0-static.pragmaticplaylive.net/desktop/highflyer/
2025-12-30T09:12:32.108Z,1.93,https://prelive0-static.pragmaticplaylive.net/desktop/highflyer/
2025-12-30T09:12:47.678Z,1.42,https://prelive0-static.pragmaticplaylive.net/desktop/highflyer/
2025-12-30T09:13:12.607Z,3.16,https://prelive0-static.pragmaticplaylive.net/desktop/highflyer/
2025-12-30T09:13:26.902Z,1.3,https://prelive0-static.pragmaticplaylive.net/desktop/highflyer/
2025-12-30T09:13:43.925Z,1.62,https://prelive0-static.pragmaticplaylive.net/desktop/highflyer/
2025-12-30T09:13:58.644Z,1.34,https://prelive0-static.pragmaticplaylive.net/desktop/highflyer/
2025-12-30T09:14:11.316Z,1.12,https://prelive0-static.pragmaticplaylive.net/desktop/highflyer/
2025-12-30T09:14:24.391Z,1.18,https://prelive0-static.pragmaticplaylive.net/desktop/highflyer/
2025-12-30T09:14:44.879Z,2.17,https://prelive0-static.pragmaticplaylive.net/desktop/highflyer/
2025-12-30T09:15:19.089Z,2.7,https://prelive0-static.pragmaticplaylive.net/desktop/highflyer/
2025-12-30T09:15:39.821Z,2.2,https://prelive0-static.pragmaticplaylive.net/desktop/highflyer/
2025-12-30T09:15:58.213Z,1.83,https://prelive0-static.pragmaticplaylive.net/desktop/highflyer/
2025-12-30T09:16:35.622Z,8.78,https://prelive0-static.pragmaticplaylive.net/desktop/highflyer/
2025-12-30T09:16:56.649Z,2.26,https://prelive0-static.pragmaticplaylive.net/desktop/highflyer/
2025-12-30T09:17:10.824Z,1.28,https://prelive0-static.pragmaticplaylive.net/desktop/highflyer/
2025-12-30T09:17:24.021Z,1.18,https://prelive0-static.pragmaticplaylive.net/desktop/highflyer/
2025-12-30T09:17:39.078Z,1.35,https://prelive0-static.pragmaticplaylive.net/desktop/highflyer/
2025-12-30T09:18:14.308Z,7.48,https://prelive0-static.pragmaticplaylive.net/desktop/highflyer/
2025-12-30T09:18:29.015Z,1.34,https://prelive0-static.pragmaticplaylive.net/desktop/highflyer/
2025-12-30T09:18:51.449Z,2.53,https://prelive0-static.pragmaticplaylive.net/desktop/highflyer/
2025-12-30T09:19:18.819Z,3.83,https://prelive0-static.pragmaticplaylive.net/desktop/highflyer/
2025-12-30T09:19:31.865Z,1.17,https://prelive0-static.pragmaticplaylive.net/desktop/highflyer/
2025-12-30T09:19:43.990Z,1.08,https://prelive0-static.pragmaticplaylive.net/desktop/highflyer/
2025-12-30T09:20:14.714Z,5.04,https://prelive0-static.pragmaticplaylive.net/desktop/highflyer/
2025-12-30T09:20:26.621Z,1.06,https://prelive0-static.pragmaticplaylive.net/desktop/highflyer/
2025-12-30T09:20:46.026Z,1.99,https://prelive0-static.pragmaticplaylive.net/desktop/highflyer/
2025-12-30T09:21:13.191Z,3.75,https://prelive0-static.pragmaticplaylive.net/desktop/highflyer/
2025-12-30T09:21:36.576Z,2.76,https://prelive0-static.pragmaticplaylive.net/desktop/highflyer/
2025-12-30T09:21:56.368Z,2.03,https://prelive0-static.pragmaticplaylive.net/desktop/highflyer/
2025-12-30T09:22:09.936Z,1.22,https://prelive0-static.pragmaticplaylive.net/desktop/highflyer/
2025-12-30T09:22:22.460Z,1.12,https://prelive0-static.pragmaticplaylive.net/desktop/highflyer/
2025-12-30T09:22:57.600Z,7.23,https://prelive0-static.pragmaticplaylive.net/desktop/highflyer/
2025-12-30T09:23:21.530Z,2.88,https://prelive0-static.pragmaticplaylive.net/desktop/highflyer/
2025-12-30T09:23:58.236Z,8.27,https://prelive0-static.pragmaticplaylive.net/desktop/highflyer/
2025-12-30T09:24:14.114Z,1.49,https://prelive0-static.pragmaticplaylive.net/desktop/highflyer/
2025-12-30T09:24:52.581Z,9.65,https://prelive0-static.pragmaticplaylive.net/desktop/highflyer/
2025-12-30T09:25:19.022Z,3.52,https://prelive0-static.pragmaticplaylive.net/desktop/highflyer/
2025-12-30T09:25:36.031Z,1.63,https://prelive0-static.pragmaticplaylive.net/desktop/highflyer/
2025-12-30T09:26:24.775Z,22.54,https://prelive0-static.pragmaticplaylive.net/desktop/highflyer/
2025-12-30T09:26:45.165Z,2.15,https://prelive0-static.pragmaticplaylive.net/desktop/highflyer/
2025-12-30T09:27:00.610Z,1.36,https://prelive0-static.pragmaticplaylive.net/desktop/highflyer/
2025-12-30T09:29:25.520Z,1.02,https://prelive0-static.pragmaticplaylive.net/desktop/highflyer/
2025-12-30T09:30:45.598Z,1.22,https://prelive0-static.pragmaticplaylive.net/desktop/highflyer/
2025-12-30T09:30:49.592Z,1.4,https://prelive0-static.pragmaticplaylive.net/desktop/highflyer/
2025-12-30T09:31:01.277Z,1.04,https://prelive0-static.pragmaticplaylive.net/desktop/highflyer/
2025-12-30T09:31:32.442Z,4.53,https://prelive0-static.pragmaticplaylive.net/desktop/highflyer/
2025-12-30T09:31:43.463Z,1.15,https://prelive0-static.pragmaticplaylive.net/desktop/highflyer/
2025-12-30T09:32:07.194Z,1.43,https://prelive0-static.pragmaticplaylive.net/desktop/highflyer/
2025-12-30T09:32:15.202Z,1.47,https://prelive0-static.pragmaticplaylive.net/desktop/highflyer/
2025-12-30T09:32:26.613Z,1.05,https://prelive0-static.pragmaticplaylive.net/desktop/highflyer/
2025-12-30T09:32:47.815Z,2.3,https://prelive0-static.pragmaticplaylive.net/desktop/highflyer/
2025-12-30T09:33:00.741Z,1.15,https://prelive0-static.pragmaticplaylive.net/desktop/highflyer/
2025-12-30T09:33:38.317Z,3.09,https://prelive0-static.pragmaticplaylive.net/desktop/highflyer/
2025-12-30T09:33:53.771Z,1.43,https://prelive0-static.pragmaticplaylive.net/desktop/highflyer/
2025-12-30T09:34:26.198Z,5.79,https://prelive0-static.pragmaticplaylive.net/desktop/highflyer/
2025-12-30T09:34:44.137Z,1.75,https://prelive0-static.pragmaticplaylive.net/desktop/highflyer/
2025-12-30T09:34:57.853Z,1.23,https://prelive0-static.pragmaticplaylive.net/desktop/highflyer/
2025-12-30T09:35:24.822Z,3.71,https://prelive0-static.pragmaticplaylive.net/desktop/highflyer/
2025-12-30T09:35:55.134Z,4.87,https://prelive0-static.pragmaticplaylive.net/desktop/highflyer/
2025-12-30T09:36:08.528Z,1.2,https://prelive0-static.pragmaticplaylive.net/desktop/highflyer/
2025-12-30T09:36:23.462Z,1.37,https://prelive0-static.pragmaticplaylive.net/desktop/highflyer/
2025-12-30T09:36:50.675Z,3.74,https://prelive0-static.pragmaticplaylive.net/desktop/highflyer/
2025-12-30T09:37:02.399Z,1.04,https://prelive0-static.pragmaticplaylive.net/desktop/highflyer/
2025-12-30T09:37:27.781Z,3.28,https://prelive0-static.pragmaticplaylive.net/desktop/highflyer/
2025-12-30T09:37:39.838Z,1.07,https://prelive0-static.pragmaticplaylive.net/desktop/highflyer/
2025-12-30T09:38:05.549Z,3.31,https://prelive0-static.pragmaticplaylive.net/desktop/highflyer/
2025-12-30T09:38:16.858Z,1.02,https://prelive0-static.pragmaticplaylive.net/desktop/highflyer/
2025-12-30T09:38:50.394Z,6.39,https://prelive0-static.pragmaticplaylive.net/desktop/highflyer/
2025-12-30T09:39:14.016Z,2.79,https://prelive0-static.pragmaticplaylive.net/desktop/highflyer/
2025-12-30T09:39:25.805Z,1.05,https://prelive0-static.pragmaticplaylive.net/desktop/highflyer/
2025-12-30T09:39:44.686Z,1.9,https://prelive0-static.pragmaticplaylive.net/desktop/highflyer/
2025-12-30T09:39:58.402Z,1.23,https://prelive0-static.pragmaticplaylive.net/desktop/highflyer/
2025-12-30T09:40:25.013Z,3.57,https://prelive0-static.pragmaticplaylive.net/desktop/highflyer/
2025-12-30T09:40:51.700Z,3.63,https://prelive0-static.pragmaticplaylive.net/desktop/highflyer/
2025-12-30T09:41:24.140Z,5.79,https://prelive0-static.pragmaticplaylive.net/desktop/highflyer/
2025-12-30T09:42:20.514Z,17.01,https://prelive0-static.pragmaticplaylive.net/desktop/highflyer/
2025-12-30T09:42:32.991Z,1.12,https://prelive0-static.pragmaticplaylive.net/desktop/highflyer/
2025-12-30T09:42:56.483Z,2.76,https://prelive0-static.pragmaticplaylive.net/desktop/highflyer/
2025-12-30T09:45:32.414Z,14.61,https://prelive0-static.pragmaticplaylive.net/desktop/highflyer/
2025-12-30T09:45:56.286Z,2.92,https://prelive0-static.pragmaticplaylive.net/desktop/highflyer/
2025-12-30T09:46:20.303Z,2.9,https://prelive0-static.pragmaticplaylive.net/desktop/highflyer/
2025-12-30T09:46:41.166Z,2.23,https://prelive0-static.pragmaticplaylive.net/desktop/highflyer/
2025-12-30T09:46:53.218Z,1.07,https://prelive0-static.pragmaticplaylive.net/desktop/highflyer/
2025-12-30T09:47:07.658Z,1.29,https://prelive0-static.pragmaticplaylive.net/desktop/highflyer/
2025-12-30T09:47:31.623Z,1.14,https://prelive0-static.pragmaticplaylive.net/desktop/highflyer/
2025-12-30T09:48:39.771Z,35.53,https://prelive0-static.pragmaticplaylive.net/desktop/highflyer/
2025-12-30T09:48:40.511Z,1.33,https://prelive0-static.pragmaticplaylive.net/desktop/highflyer/
2025-12-30T09:49:12.485Z,5.8,https://prelive0-static.pragmaticplaylive.net/desktop/highflyer/
2025-12-30T09:49:47.152Z,7.03,https://prelive0-static.pragmaticplaylive.net/desktop/highflyer/
2025-12-30T09:50:48.323Z,62.93,https://prelive0-static.pragmaticplaylive.net/desktop/highflyer/
2025-12-30T09:51:00.486Z,1.08,https://prelive0-static.pragmaticplaylive.net/desktop/highflyer/
2025-12-30T09:51:24.849Z,2.94,https://prelive0-static.pragmaticplaylive.net/desktop/highflyer/
2025-12-30T09:51:45.918Z,2.3,https://prelive0-static.pragmaticplaylive.net/desktop/highflyer/
2025-12-30T09:52:07.597Z,2.37,https://prelive0-static.pragmaticplaylive.net/desktop/highflyer/
2025-12-30T09:52:24.060Z,1.56,https://prelive0-static.pragmaticplaylive.net/desktop/highflyer/
2025-12-30T09:52:52.246Z,4.06,https://prelive0-static.pragmaticplaylive.net/desktop/highflyer/
2025-12-30T09:53:19.831Z,3.84,https://prelive0-static.pragmaticplaylive.net/desktop/highflyer/
2025-12-30T09:53:44.173Z,3.05,https://prelive0-static.pragmaticplaylive.net/desktop/highflyer/
2025-12-30T09:54:00.945Z,1.59,https://prelive0-static.pragmaticplaylive.net/desktop/highflyer/
2025-12-30T09:54:16.409Z,1.43,https://prelive0-static.pragmaticplaylive.net/desktop/highflyer/
2025-12-30T09:54:30.589Z,1.28,https://prelive0-static.pragmaticplaylive.net/desktop/highflyer/
2025-12-30T09:54:48.981Z,1.82,https://prelive0-static.pragmaticplaylive.net/desktop/highflyer/
2025-12-30T09:55:05.267Z,1.52,https://prelive0-static.pragmaticplaylive.net/desktop/highflyer/
2025-12-30T09:55:19.110Z,1.25,https://prelive0-static.pragmaticplaylive.net/desktop/highflyer/
2025-12-30T09:55:32.403Z,1.19,https://prelive0-static.pragmaticplaylive.net/desktop/highflyer/
2025-12-30T09:56:16.065Z,14.72,https://prelive0-static.pragmaticplaylive.net/desktop/highflyer/
2025-12-30T09:56:29.434Z,1.15,https://prelive0-static.pragmaticplaylive.net/desktop/highflyer/
2025-12-30T09:57:08.093Z,10.15,https://prelive0-static.pragmaticplaylive.net/desktop/highflyer/
2025-12-30T09:57:24.682Z,1.58,https://prelive0-static.pragmaticplaylive.net/desktop/highflyer/
2025-12-30T09:57:51.525Z,1.47,https://prelive0-static.pragmaticplaylive.net/desktop/highflyer/
2025-12-30T09:58:04.226Z,1.13,https://prelive0-static.pragmaticplaylive.net/desktop/highflyer/
2025-12-30T09:58:20.296Z,1.33,https://prelive0-static.pragmaticplaylive.net/desktop/highflyer/
2025-12-30T09:58:37.873Z,1.86,https://prelive0-static.pragmaticplaylive.net/desktop/highflyer/
2025-12-30T09:59:13.614Z,3.17,https://prelive0-static.pragmaticplaylive.net/desktop/highflyer/
2025-12-30T09:59:31.151Z,1.68,https://prelive0-static.pragmaticplaylive.net/desktop/highflyer/
2025-12-30T09:59:47.946Z,1.6,https://prelive0-static.pragmaticplaylive.net/desktop/highflyer/
2025-12-30T10:00:24.636Z,8.29,https://prelive0-static.pragmaticplaylive.net/desktop/highflyer/
2025-12-30T10:00:40.783Z,1.5,https://prelive0-static.pragmaticplaylive.net/desktop/highflyer/
2025-12-30T10:01:03.992Z,2.69,https://prelive0-static.pragmaticplaylive.net/desktop/highflyer/
2025-12-30T10:31:58.114Z,315.54,https://prelive0-static.pragmaticplaylive.net/desktop/highflyer/
2025-12-30T10:32:04.200Z,1.14,https://prelive0-static.pragmaticplaylive.net/desktop/highflyer/
2025-12-30T10:32:30.233Z,3.43,https://prelive0-static.pragmaticplaylive.net/desktop/highflyer/
2025-12-30T10:32:44.178Z,1.25,https://prelive0-static.pragmaticplaylive.net/desktop/highflyer/
2025-12-30T10:33:09.065Z,1.25,https://prelive0-static.pragmaticplaylive.net/desktop/highflyer/
2025-12-30T10:33:15.277Z,5,https://prelive0-static.pragmaticplaylive.net/desktop/highflyer/
2025-12-30T10:33:35.695Z,2.24,https://prelive0-static.pragmaticplaylive.net/desktop/highflyer/
2025-12-30T10:33:49.542Z,1.26,https://prelive0-static.pragmaticplaylive.net/desktop/highflyer/
2025-12-30T10:34:09.142Z,2.01,https://prelive0-static.pragmaticplaylive.net/desktop/highflyer/
2025-12-30T10:34:22.287Z,1.18,https://prelive0-static.pragmaticplaylive.net/desktop/highflyer/
2025-12-30T10:34:35.695Z,1.2,https://prelive0-static.pragmaticplaylive.net/desktop/highflyer/
2025-12-30T10:34:49.658Z,1.25,https://prelive0-static.pragmaticplaylive.net/desktop/highflyer/
2025-12-30T10:35:03.526Z,1.26,https://prelive0-static.pragmaticplaylive.net/desktop/highflyer/
2025-12-30T10:35:24.664Z,2.26,https://prelive0-static.pragmaticplaylive.net/desktop/highflyer/
2025-12-30T10:36:00.909Z,8.04,https://prelive0-static.pragmaticplaylive.net/desktop/highflyer/
2025-12-30T10:36:21.495Z,2.18,https://prelive0-static.pragmaticplaylive.net/desktop/highflyer/
2025-12-30T10:37:25.836Z,81.2,https://prelive0-static.pragmaticplaylive.net/desktop/highflyer/
2025-12-30T10:37:49.026Z,2.72,https://prelive0-static.pragmaticplaylive.net/desktop/highflyer/
2025-12-30T10:38:04.353Z,1.42,https://prelive0-static.pragmaticplaylive.net/desktop/highflyer/
2025-12-30T10:38:31.166Z,3.6,https://prelive0-static.pragmaticplaylive.net/desktop/highflyer/
2025-12-30T10:39:02.797Z,5.48,https://prelive0-static.pragmaticplaylive.net/desktop/highflyer/
2025-12-30T10:39:16.213Z,1.21,https://prelive0-static.pragmaticplaylive.net/desktop/highflyer/
2025-12-30T10:39:56.402Z,10.94,https://prelive0-static.pragmaticplaylive.net/desktop/highflyer/
2025-12-30T10:40:15.691Z,1.99,https://prelive0-static.pragmaticplaylive.net/desktop/highflyer/
2025-12-30T10:40:51.902Z,7.89,https://prelive0-static.pragmaticplaylive.net/desktop/highflyer/
2025-12-30T10:41:05.136Z,1.19,https://prelive0-static.pragmaticplaylive.net/desktop/highflyer/
2025-12-30T10:41:19.765Z,1.33,https://prelive0-static.pragmaticplaylive.net/desktop/highflyer/
2025-12-30T10:41:47.230Z,3.84,https://prelive0-static.pragmaticplaylive.net/desktop/highflyer/
2025-12-30T10:41:58.317Z,1.01,https://prelive0-static.pragmaticplaylive.net/desktop/highflyer/
2025-12-30T10:42:09.987Z,1.04,https://prelive0-static.pragmaticplaylive.net/desktop/highflyer/
2025-12-30T10:42:46.008Z,7.92,https://prelive0-static.pragmaticplaylive.net/desktop/highflyer/
2025-12-30T10:43:01.443Z,1.41,https://prelive0-static.pragmaticplaylive.net/desktop/highflyer/
2025-12-30T10:43:24.255Z,2.62,https://prelive0-static.pragmaticplaylive.net/desktop/highflyer/
2025-12-30T10:44:12.945Z,22.54,https://prelive0-static.pragmaticplaylive.net/desktop/highflyer/
2025-12-30T10:44:36.128Z,2.72,https://prelive0-static.pragmaticplaylive.net/desktop/highflyer/
2025-12-30T10:45:03.563Z,3.84,https://prelive0-static.pragmaticplaylive.net/desktop/highflyer/
2025-12-30T10:45:19.985Z,1.54,https://prelive0-static.pragmaticplaylive.net/desktop/highflyer/
2025-12-30T10:45:36.143Z,1.52,https://prelive0-static.pragmaticplaylive.net/desktop/highflyer/
2025-12-30T10:45:47.995Z,1.04,https://prelive0-static.pragmaticplaylive.net/desktop/highflyer/
2025-12-30T10:46:06.854Z,1.9,https://prelive0-static.pragmaticplaylive.net/desktop/highflyer/
2025-12-30T10:46:29.326Z,2.55,https://prelive0-static.pragmaticplaylive.net/desktop/highflyer/
2025-12-30T10:46:49.968Z,2.19,https://prelive0-static.pragmaticplaylive.net/desktop/highflyer/
2025-12-30T10:47:05.474Z,1.43,https://prelive0-static.pragmaticplaylive.net/desktop/highflyer/
2025-12-30T10:47:20.702Z,1.4,https://prelive0-static.pragmaticplaylive.net/desktop/highflyer/
2025-12-30T10:47:38.478Z,1.72,https://prelive0-static.pragmaticplaylive.net/desktop/highflyer/
2025-12-30T10:47:52.713Z,1.29,https://prelive0-static.pragmaticplaylive.net/desktop/highflyer/
2025-12-30T10:48:10.582Z,1.74,https://prelive0-static.pragmaticplaylive.net/desktop/highflyer/
2025-12-30T10:48:23.038Z,1.1,https://prelive0-static.pragmaticplaylive.net/desktop/highflyer/
2025-12-30T10:48:48.893Z,3.36,https://prelive0-static.pragmaticplaylive.net/desktop/highflyer/
2025-12-30T10:49:02.501Z,1.24,https://prelive0-static.pragmaticplaylive.net/desktop/highflyer/
2025-12-30T10:49:18.826Z,1.52,https://prelive0-static.pragmaticplaylive.net/desktop/highflyer/
2025-12-30T10:49:58.193Z,10.4,https://prelive0-static.pragmaticplaylive.net/desktop/highflyer/
2025-12-30T10:50:25.559Z,3.83,https://prelive0-static.pragmaticplaylive.net/desktop/highflyer/
2025-12-30T10:50:49.912Z,2.98,https://prelive0-static.pragmaticplaylive.net/desktop/highflyer/
2025-12-30T10:51:02.666Z,1.14,https://prelive0-static.pragmaticplaylive.net/desktop/highflyer/
2025-12-30T10:51:17.351Z,1.33,https://prelive0-static.pragmaticplaylive.net/desktop/highflyer/
2025-12-30T10:51:53.165Z,7.71,https://prelive0-static.pragmaticplaylive.net/desktop/highflyer/
2025-12-30T10:52:25.136Z,5.59,https://prelive0-static.pragmaticplaylive.net/desktop/highflyer/
2025-12-30T10:53:02.624Z,8.91,https://prelive0-static.pragmaticplaylive.net/desktop/highflyer/
2025-12-30T10:53:16.387Z,1.24,https://prelive0-static.pragmaticplaylive.net/desktop/highflyer/
2025-12-30T10:53:28.668Z,1.1,https://prelive0-static.pragmaticplaylive.net/desktop/highflyer/
2025-12-30T10:53:55.510Z,3.65,https://prelive0-static.pragmaticplaylive.net/desktop/highflyer/
2025-12-30T10:54:11.589Z,1.49,https://prelive0-static.pragmaticplaylive.net/desktop/highflyer/
2025-12-30T10:54:41.477Z,4.73,https://prelive0-static.pragmaticplaylive.net/desktop/highflyer/
2025-12-30T10:54:56.743Z,1.39,https://prelive0-static.pragmaticplaylive.net/desktop/highflyer/
2025-12-30T10:55:09.831Z,1.18,https://prelive0-static.pragmaticplaylive.net/desktop/highflyer/
2025-12-30T10:55:22.730Z,1.15,https://prelive0-static.pragmaticplaylive.net/desktop/highflyer/
2025-12-30T10:55:38.932Z,1.51,https://prelive0-static.pragmaticplaylive.net/desktop/highflyer/
2025-12-30T10:56:10.088Z,5.29,https://prelive0-static.pragmaticplaylive.net/desktop/highflyer/
2025-12-30T10:56:41.295Z,4.61,https://prelive0-static.pragmaticplaylive.net/desktop/highflyer/
2025-12-30T10:57:01.969Z,2.32,https://prelive0-static.pragmaticplaylive.net/desktop/highflyer/
2025-12-30T10:57:17.094Z,1.41,https://prelive0-static.pragmaticplaylive.net/desktop/highflyer/
2025-12-30T10:57:28.989Z,1.1,https://prelive0-static.pragmaticplaylive.net/desktop/highflyer/
2025-12-30T10:59:37.759Z,1.48,https://prelive0-static.pragmaticplaylive.net/desktop/highflyer/
2025-12-30T11:22:46.011Z,2.55,https://prelive0-static.pragmaticplaylive.net/desktop/highflyer/
2025-12-30T11:23:11.851Z,1.32,https://prelive0-static.pragmaticplaylive.net/desktop/highflyer/
2025-12-30T11:23:14.424Z,1.64,https://prelive0-static.pragmaticplaylive.net/desktop/highflyer/
2025-12-30T11:23:26.201Z,1.08,https://prelive0-static.pragmaticplaylive.net/desktop/highflyer/
2025-12-30T11:24:34.929Z,50.23,https://prelive0-static.pragmaticplaylive.net/desktop/highflyer/
2025-12-30T11:24:47.447Z,1.09,https://prelive0-static.pragmaticplaylive.net/desktop/highflyer/
2025-12-30T11:24:57.797Z,2.07,https://prelive0-static.pragmaticplaylive.net/desktop/highflyer/
2025-12-30T11:25:08.978Z,1.09,https://prelive0-static.pragmaticplaylive.net/desktop/highflyer/
2025-12-30T11:25:20.091Z,1.01,https://prelive0-static.pragmaticplaylive.net/desktop/highflyer/
2025-12-30T11:25:32.301Z,1.1,https://prelive0-static.pragmaticplaylive.net/desktop/highflyer/
2025-12-30T11:25:49.305Z,1.61,https://prelive0-static.pragmaticplaylive.net/desktop/highflyer/
2025-12-30T11:26:02.780Z,1.21,https://prelive0-static.pragmaticplaylive.net/desktop/highflyer/
2025-12-30T11:26:17.251Z,1.31,https://prelive0-static.pragmaticplaylive.net/desktop/highflyer/
2025-12-30T11:26:28.860Z,1.04,https://prelive0-static.pragmaticplaylive.net/desktop/highflyer/
2025-12-30T11:27:22.004Z,32.3,https://prelive0-static.pragmaticplaylive.net/desktop/highflyer/
2025-12-30T11:27:34.631Z,1.14,https://prelive0-static.pragmaticplaylive.net/desktop/highflyer/
2025-12-30T11:28:08.143Z,6.31,https://prelive0-static.pragmaticplaylive.net/desktop/highflyer/
2025-12-30T11:28:21.127Z,1.17,https://prelive0-static.pragmaticplaylive.net/desktop/highflyer/
2025-12-30T11:28:32.517Z,1.02,https://prelive0-static.pragmaticplaylive.net/desktop/highflyer/
2025-12-30T11:28:46.847Z,1.29,https://prelive0-static.pragmaticplaylive.net/desktop/highflyer/
2025-12-30T11:29:02.126Z,1.4,https://prelive0-static.pragmaticplaylive.net/desktop/highflyer/
2025-12-30T11:29:20.510Z,1.82,https://prelive0-static.pragmaticplaylive.net/desktop/highflyer/
2025-12-30T11:29:42.279Z,2.41,https://prelive0-static.pragmaticplaylive.net/desktop/highflyer/
2025-12-30T11:30:00.701Z,1.83,https://prelive0-static.pragmaticplaylive.net/desktop/highflyer/
2025-12-30T11:30:14.018Z,1.19,https://prelive0-static.pragmaticplaylive.net/desktop/highflyer/
2025-12-30T11:30:36.036Z,2.45,https://prelive0-static.pragmaticplaylive.net/desktop/highflyer/
2025-12-30T11:31:11.854Z,6.99,https://prelive0-static.pragmaticplaylive.net/desktop/highflyer/
2025-12-30T11:31:24.237Z,1.21,https://prelive0-static.pragmaticplaylive.net/desktop/highflyer/
2025-12-30T11:31:36.533Z,1.09,https://prelive0-static.pragmaticplaylive.net/desktop/highflyer/
2025-12-30T11:32:34.286Z,47.81,https://prelive0-static.pragmaticplaylive.net/desktop/highflyer/
2025-12-30T11:32:48.932Z,1.35,https://prelive0-static.pragmaticplaylive.net/desktop/highflyer/
2025-12-30T11:33:02.974Z,1.26,https://prelive0-static.pragmaticplaylive.net/desktop/highflyer/
2025-12-30T11:33:15.031Z,1.07,https://prelive0-static.pragmaticplaylive.net/desktop/highflyer/
2025-12-30T11:33:26.735Z,1.05,https://prelive0-static.pragmaticplaylive.net/desktop/highflyer/
2025-12-30T11:33:56.662Z,4.7,https://prelive0-static.pragmaticplaylive.net/desktop/highflyer/
2025-12-30T11:35:19.087Z,371.42,https://prelive0-static.pragmaticplaylive.net/desktop/highflyer/
2025-12-30T11:35:45.068Z,3.38,https://prelive0-static.pragmaticplaylive.net/desktop/highflyer/
2025-12-30T11:36:07.056Z,2.44,https://prelive0-static.pragmaticplaylive.net/desktop/highflyer/
2025-12-30T11:36:39.644Z,3.84,https://prelive0-static.pragmaticplaylive.net/desktop/highflyer/
2025-12-30T11:36:58.917Z,2.83,https://prelive0-static.pragmaticplaylive.net/desktop/highflyer/
2025-12-30T11:37:17.826Z,1.95,https://prelive0-static.pragmaticplaylive.net/desktop/highflyer/
2025-12-30T11:37:43.482Z,3.3,https://prelive0-static.pragmaticplaylive.net/desktop/highflyer/
2025-12-30T11:37:54.744Z,1,https://prelive0-static.pragmaticplaylive.net/desktop/highflyer/
2025-12-30T11:38:14.889Z,2.19,https://prelive0-static.pragmaticplaylive.net/desktop/highflyer/
2025-12-30T11:38:32.972Z,1.74,https://prelive0-static.pragmaticplaylive.net/desktop/highflyer/
2025-12-30T11:38:49.847Z,1.64,https://prelive0-static.pragmaticplaylive.net/desktop/highflyer/
2025-12-30T11:39:02.195Z,1.08,https://prelive0-static.pragmaticplaylive.net/desktop/highflyer/
2025-12-30T11:39:30.391Z,4.07,https://prelive0-static.pragmaticplaylive.net/desktop/highflyer/
2025-12-30T11:39:42.388Z,1.08,https://prelive0-static.pragmaticplaylive.net/desktop/highflyer/
2025-12-30T11:40:04.333Z,2.41,https://prelive0-static.pragmaticplaylive.net/desktop/highflyer/
2025-12-30T11:40:25.967Z,2.42,https://prelive0-static.pragmaticplaylive.net/desktop/highflyer/
2025-12-30T11:40:43.054Z,1.68,https://prelive0-static.pragmaticplaylive.net/desktop/highflyer/
2025-12-30T11:41:47.445Z,81.88,https://prelive0-static.pragmaticplaylive.net/desktop/highflyer/
2025-12-30T11:42:01.689Z,1.3,https://prelive0-static.pragmaticplaylive.net/desktop/highflyer/
2025-12-30T11:42:12.691Z,1,https://prelive0-static.pragmaticplaylive.net/desktop/highflyer/
2025-12-30T11:42:24.285Z,1.03,https://prelive0-static.pragmaticplaylive.net/desktop/highflyer/
2025-12-30T11:42:39.207Z,1.38,https://prelive0-static.pragmaticplaylive.net/desktop/highflyer/
2025-12-30T11:43:16.136Z,8.4,https://prelive0-static.pragmaticplaylive.net/desktop/highflyer/
2025-12-30T11:43:29.829Z,1.24,https://prelive0-static.pragmaticplaylive.net/desktop/highflyer/
2025-12-30T11:43:57.521Z,3.92,https://prelive0-static.pragmaticplaylive.net/desktop/highflyer/
2025-12-30T11:44:16.476Z,1.9,https://prelive0-static.pragmaticplaylive.net/desktop/highflyer/
2025-12-30T11:44:43.995Z,3.88,https://prelive0-static.pragmaticplaylive.net/desktop/highflyer/
2025-12-30T11:45:11.092Z,3.71,https://prelive0-static.pragmaticplaylive.net/desktop/highflyer/
2025-12-30T11:45:43.750Z,5.99,https://prelive0-static.pragmaticplaylive.net/desktop/highflyer/
2025-12-30T11:45:57.868Z,1.27,https://prelive0-static.pragmaticplaylive.net/desktop/highflyer/
2025-12-30T11:46:11.703Z,1.25,https://prelive0-static.pragmaticplaylive.net/desktop/highflyer/
2025-12-30T11:46:28.519Z,1.59,https://prelive0-static.pragmaticplaylive.net/desktop/highflyer/
2025-12-30T11:46:39.678Z,1.01,https://prelive0-static.pragmaticplaylive.net/desktop/highflyer/
2025-12-30T11:46:57.881Z,1.81,https://prelive0-static.pragmaticplaylive.net/desktop/highflyer/
2025-12-30T11:47:09.288Z,1.02,https://prelive0-static.pragmaticplaylive.net/desktop/highflyer/
2025-12-30T11:47:40.387Z,5.14,https://prelive0-static.pragmaticplaylive.net/desktop/highflyer/
2025-12-30T11:47:56.875Z,1.57,https://prelive0-static.pragmaticplaylive.net/desktop/highflyer/
2025-12-30T11:48:12.810Z,1.49,https://prelive0-static.pragmaticplaylive.net/desktop/highflyer/
2025-12-30T11:48:43.417Z,4.97,https://prelive0-static.pragmaticplaylive.net/desktop/highflyer/
2025-12-30T11:49:16.247Z,6.01,https://prelive0-static.pragmaticplaylive.net/desktop/highflyer/
2025-12-30T11:49:32.562Z,1.53,https://prelive0-static.pragmaticplaylive.net/desktop/highflyer/
2025-12-30T11:49:55.859Z,2.73,https://prelive0-static.pragmaticplaylive.net/desktop/highflyer/
2025-12-30T11:50:13.111Z,1.66,https://prelive0-static.pragmaticplaylive.net/desktop/highflyer/
2025-12-30T11:50:24.816Z,1.05,https://prelive0-static.pragmaticplaylive.net/desktop/highflyer/
2025-12-30T11:50:42.160Z,1.66,https://prelive0-static.pragmaticplaylive.net/desktop/highflyer/
2025-12-30T11:50:56.836Z,1.34,https://prelive0-static.pragmaticplaylive.net/desktop/highflyer/
2025-12-30T11:51:18.063Z,2.29,https://prelive0-static.pragmaticplaylive.net/desktop/highflyer/
2025-12-30T11:51:42.100Z,2.91,https://prelive0-static.pragmaticplaylive.net/desktop/highflyer/
2025-12-30T11:52:02.923Z,2.22,https://prelive0-static.pragmaticplaylive.net/desktop/highflyer/
2025-12-30T11:52:20.601Z,1.72,https://prelive0-static.pragmaticplaylive.net/desktop/highflyer/
2025-12-30T11:52:49.346Z,4.24,https://prelive0-static.pragmaticplaylive.net/desktop/highflyer/
2025-12-30T11:53:10.049Z,2.22,https://prelive0-static.pragmaticplaylive.net/desktop/highflyer/
2025-12-30T11:53:54.088Z,15.15,https://prelive0-static.pragmaticplaylive.net/desktop/highflyer/
2025-12-30T11:54:06.723Z,1.14,https://prelive0-static.pragmaticplaylive.net/desktop/highflyer/
2025-12-30T11:54:22.045Z,1.41,https://prelive0-static.pragmaticplaylive.net/desktop/highflyer/
2025-12-30T11:54:33.802Z,1.04,https://prelive0-static.pragmaticplaylive.net/desktop/highflyer/
2025-12-30T11:54:46.149Z,1.1,https://prelive0-static.pragmaticplaylive.net/desktop/highflyer/
2025-12-30T11:54:59.040Z,1.15,https://prelive0-static.pragmaticplaylive.net/desktop/highflyer/
2025-12-30T11:55:19.340Z,2.13,https://prelive0-static.pragmaticplaylive.net/desktop/highflyer/
2025-12-30T11:55:44.502Z,3.17,https://prelive0-static.pragmaticplaylive.net/desktop/highflyer/
2025-12-30T11:56:24.371Z,10.86,https://prelive0-static.pragmaticplaylive.net/desktop/highflyer/
2025-12-30T11:57:12.113Z,20.62,https://prelive0-static.pragmaticplaylive.net/desktop/highflyer/
2025-12-30T11:57:28.479Z,1.55,https://prelive0-static.pragmaticplaylive.net/desktop/highflyer/
2025-12-30T11:58:01.909Z,6.3,https://prelive0-static.pragmaticplaylive.net/desktop/highflyer/
2025-12-30T11:58:16.682Z,1.35,https://prelive0-static.pragmaticplaylive.net/desktop/highflyer/
2025-12-30T11:58:28.430Z,1.04,https://prelive0-static.pragmaticplaylive.net/desktop/highflyer/
2025-12-30T11:58:43.534Z,1.39,https://prelive0-static.pragmaticplaylive.net/desktop/highflyer/
2025-12-30T11:59:03.719Z,2.11,https://prelive0-static.pragmaticplaylive.net/desktop/highflyer/
2025-12-30T11:59:47.098Z,14.37,https://prelive0-static.pragmaticplaylive.net/desktop/highflyer/
2025-12-30T12:00:13.797Z,3.65,https://prelive0-static.pragmaticplaylive.net/desktop/highflyer/
2025-12-30T12:00:27.735Z,1.26,https://prelive0-static.pragmaticplaylive.net/desktop/highflyer/
2025-12-30T12:00:44.449Z,1.57,https://prelive0-static.pragmaticplaylive.net/desktop/highflyer/
2025-12-30T12:01:04.200Z,2.04,https://prelive0-static.pragmaticplaylive.net/desktop/highflyer/
2025-12-30T12:01:17.560Z,1.2,https://prelive0-static.pragmaticplaylive.net/desktop/highflyer/
2025-12-30T12:01:57.714Z,11.04,https://prelive0-static.pragmaticplaylive.net/desktop/highflyer/
2025-12-30T12:02:41.651Z,15.15,https://prelive0-static.pragmaticplaylive.net/desktop/highflyer/
2025-12-30T12:02:52.728Z,1,https://prelive0-static.pragmaticplaylive.net/desktop/highflyer/
2025-12-30T12:03:07.813Z,1.39,https://prelive0-static.pragmaticplaylive.net/desktop/highflyer/
2025-12-30T12:03:19.899Z,1.07,https://prelive0-static.pragmaticplaylive.net/desktop/highflyer/
2025-12-30T12:03:52.114Z,5.72,https://prelive0-static.pragmaticplaylive.net/desktop/highflyer/
2025-12-30T12:04:37.948Z,17.73,https://prelive0-static.pragmaticplaylive.net/desktop/highflyer/
2025-12-30T12:04:49.178Z,1,https://prelive0-static.pragmaticplaylive.net/desktop/highflyer/
2025-12-30T12:05:02.341Z,1.2,https://prelive0-static.pragmaticplaylive.net/desktop/highflyer/
2025-12-30T12:05:19.839Z,1.69,https://prelive0-static.pragmaticplaylive.net/desktop/highflyer/
2025-12-30T12:05:40.681Z,2.22,https://prelive0-static.pragmaticplaylive.net/desktop/highflyer/
2025-12-30T12:06:04.342Z,2.82,https://prelive0-static.pragmaticplaylive.net/desktop/highflyer/
2025-12-30T12:06:26.243Z,2.42,https://prelive0-static.pragmaticplaylive.net/desktop/highflyer/
2025-12-30T12:06:53.573Z,3.79,https://prelive0-static.pragmaticplaylive.net/desktop/highflyer/
2025-12-30T12:07:06.652Z,1.18,https://prelive0-static.pragmaticplaylive.net/desktop/highflyer/
2025-12-30T12:07:18.649Z,1.07,https://prelive0-static.pragmaticplaylive.net/desktop/highflyer/
2025-12-30T12:07:42.989Z,1.09,https://prelive0-static.pragmaticplaylive.net/desktop/highflyer/
2025-12-30T12:08:06.255Z,2.73,https://prelive0-static.pragmaticplaylive.net/desktop/highflyer/
2025-12-30T12:08:34.306Z,4.06,https://prelive0-static.pragmaticplaylive.net/desktop/highflyer/
2025-12-30T12:08:49.803Z,1.42,https://prelive0-static.pragmaticplaylive.net/desktop/highflyer/
2025-12-30T12:09:31.670Z,12.8,https://prelive0-static.pragmaticplaylive.net/desktop/highflyer/
2025-12-30T12:10:25.871Z,35.25,https://prelive0-static.pragmaticplaylive.net/desktop/highflyer/
2025-12-30T12:10:41.757Z,1.49,https://prelive0-static.pragmaticplaylive.net/desktop/highflyer/
2025-12-30T12:11:00.937Z,1.94,https://prelive0-static.pragmaticplaylive.net/desktop/highflyer/
2025-12-30T12:11:12.830Z,1.06,https://prelive0-static.pragmaticplaylive.net/desktop/highflyer/
2025-12-30T12:11:57.890Z,16.69,https://prelive0-static.pragmaticplaylive.net/desktop/highflyer/
2025-12-30T12:12:39.981Z,12.97,https://prelive0-static.pragmaticplaylive.net/desktop/highflyer/
2025-12-30T12:12:53.477Z,1.21,https://prelive0-static.pragmaticplaylive.net/desktop/highflyer/
2025-12-30T12:13:08.536Z,1.37,https://prelive0-static.pragmaticplaylive.net/desktop/highflyer/
2025-12-30T12:13:32.170Z,2.82,https://prelive0-static.pragmaticplaylive.net/desktop/highflyer/
2025-12-30T12:14:11.282Z,6.75,https://prelive0-static.pragmaticplaylive.net/desktop/highflyer/
2025-12-30T12:15:08.599Z,68.57,https://prelive0-static.pragmaticplaylive.net/desktop/highflyer/
2025-12-30T12:15:48.237Z,10.5,https://prelive0-static.pragmaticplaylive.net/desktop/highflyer/
2025-12-30T12:15:59.150Z,1,https://prelive0-static.pragmaticplaylive.net/desktop/highflyer/
2025-12-30T12:16:56.181Z,44.88,https://prelive0-static.pragmaticplaylive.net/desktop/highflyer/
2025-12-30T12:17:11.450Z,1.36,https://prelive0-static.pragmaticplaylive.net/desktop/highflyer/
2025-12-30T12:17:22.851Z,1.04,https://prelive0-static.pragmaticplaylive.net/desktop/highflyer/
2025-12-30T12:17:39.988Z,1.63,https://prelive0-static.pragmaticplaylive.net/desktop/highflyer/
2025-12-30T12:18:11.754Z,5.59,https://prelive0-static.pragmaticplaylive.net/desktop/highflyer/
2025-12-30T12:18:27.267Z,1.38,https://prelive0-static.pragmaticplaylive.net/desktop/highflyer/
2025-12-30T12:18:52.615Z,3.36,https://prelive0-static.pragmaticplaylive.net/desktop/highflyer/
2025-12-30T12:19:05.380Z,1.14,https://prelive0-static.pragmaticplaylive.net/desktop/highflyer/
2025-12-30T12:19:18.266Z,1.16,https://prelive0-static.pragmaticplaylive.net/desktop/highflyer/
2025-12-30T12:20:20.401Z,36.02,https://prelive0-static.pragmaticplaylive.net/desktop/highflyer/
2025-12-30T12:20:35.935Z,2.66,https://prelive0-static.pragmaticplaylive.net/desktop/highflyer/
2025-12-30T12:21:21.169Z,17.31,https://prelive0-static.pragmaticplaylive.net/desktop/highflyer/
2025-12-30T12:21:41.643Z,2.15,https://prelive0-static.pragmaticplaylive.net/desktop/highflyer/
2025-12-30T12:22:10.037Z,4.12,https://prelive0-static.pragmaticplaylive.net/desktop/highflyer/
2025-12-30T12:22:28.758Z,1.88,https://prelive0-static.pragmaticplaylive.net/desktop/highflyer/
2025-12-30T12:22:49.600Z,2.23,https://prelive0-static.pragmaticplaylive.net/desktop/highflyer/
2025-12-30T12:23:06.184Z,1.57,https://prelive0-static.pragmaticplaylive.net/desktop/highflyer/
2025-12-30T12:23:22.116Z,1.48,https://prelive0-static.pragmaticplaylive.net/desktop/highflyer/
2025-12-30T12:23:39.138Z,1.62,https://prelive0-static.pragmaticplaylive.net/desktop/highflyer/
2025-12-30T12:23:56.079Z,1.61,https://prelive0-static.pragmaticplaylive.net/desktop/highflyer/
2025-12-30T12:24:17.331Z,2.28,https://prelive0-static.pragmaticplaylive.net/desktop/highflyer/
2025-12-30T12:24:45.640Z,4.17,https://prelive0-static.pragmaticplaylive.net/desktop/highflyer/
2025-12-30T12:24:56.721Z,1,https://prelive0-static.pragmaticplaylive.net/desktop/highflyer/
2025-12-30T12:25:23.372Z,3.62,https://prelive0-static.pragmaticplaylive.net/desktop/highflyer/
2025-12-30T12:25:51.906Z,4.2,https://prelive0-static.pragmaticplaylive.net/desktop/highflyer/
2025-12-30T12:26:10.866Z,1.91,https://prelive0-static.pragmaticplaylive.net/desktop/highflyer/
2025-12-30T12:26:32.366Z,2.35,https://prelive0-static.pragmaticplaylive.net/desktop/highflyer/
2025-12-30T12:27:06.057Z,6.46,https://prelive0-static.pragmaticplaylive.net/desktop/highflyer/
2025-12-30T12:27:25.482Z,1.98,https://prelive0-static.pragmaticplaylive.net/desktop/highflyer/
2025-12-30T12:27:37.650Z,1.09,https://prelive0-static.pragmaticplaylive.net/desktop/highflyer/
2025-12-30T12:27:54.809Z,1.64,https://prelive0-static.pragmaticplaylive.net/desktop/highflyer/
2025-12-30T12:28:26.696Z,5.55,https://prelive0-static.pragmaticplaylive.net/desktop/highflyer/
2025-12-30T12:29:05.668Z,10.01,https://prelive0-static.pragmaticplaylive.net/desktop/highflyer/
2025-12-30T12:29:26.352Z,2.2,https://prelive0-static.pragmaticplaylive.net/desktop/highflyer/
2025-12-30T12:29:44.289Z,1.75,https://prelive0-static.pragmaticplaylive.net/desktop/highflyer/
2025-12-30T12:30:33.536Z,23.56,https://prelive0-static.pragmaticplaylive.net/desktop/highflyer/
2025-12-30T12:30:52.248Z,1.86,https://prelive0-static.pragmaticplaylive.net/desktop/highflyer/
2025-12-30T12:31:18.873Z,3.6,https://prelive0-static.pragmaticplaylive.net/desktop/highflyer/
2025-12-30T12:32:00.982Z,13.04,https://prelive0-static.pragmaticplaylive.net/desktop/highflyer/
2025-12-30T12:32:12.531Z,1.02,https://prelive0-static.pragmaticplaylive.net/desktop/highflyer/
2025-12-30T12:32:23.524Z,1,https://prelive0-static.pragmaticplaylive.net/desktop/highflyer/
2025-12-30T12:32:36.457Z,1.16,https://prelive0-static.pragmaticplaylive.net/desktop/highflyer/
2025-12-30T12:32:58.376Z,2.44,https://prelive0-static.pragmaticplaylive.net/desktop/highflyer/
2025-12-30T12:33:18.596Z,2.12,https://prelive0-static.pragmaticplaylive.net/desktop/highflyer/
2025-12-30T12:33:32.158Z,1.21,https://prelive0-static.pragmaticplaylive.net/desktop/highflyer/
2025-12-30T12:33:43.465Z,1.02,https://prelive0-static.pragmaticplaylive.net/desktop/highflyer/
2025-12-30T12:34:16.765Z,6.2,https://prelive0-static.pragmaticplaylive.net/desktop/highflyer/
2025-12-30T12:34:46.531Z,4.7,https://prelive0-static.pragmaticplaylive.net/desktop/highflyer/
2025-12-30T12:34:58.206Z,1.04,https://prelive0-static.pragmaticplaylive.net/desktop/highflyer/
2025-12-30T12:35:13.467Z,1.37,https://prelive0-static.pragmaticplaylive.net/desktop/highflyer/
2025-12-30T12:35:32.622Z,1.98,https://prelive0-static.pragmaticplaylive.net/desktop/highflyer/
2025-12-30T12:35:43.708Z,1,https://prelive0-static.pragmaticplaylive.net/desktop/highflyer/
2025-12-30T12:36:12.710Z,4.4,https://prelive0-static.pragmaticplaylive.net/desktop/highflyer/
2025-12-30T12:36:26.801Z,1.27,https://prelive0-static.pragmaticplaylive.net/desktop/highflyer/
2025-12-30T12:36:37.892Z,1,https://prelive0-static.pragmaticplaylive.net/desktop/highflyer/
2025-12-30T12:37:13.453Z,7.64,https://prelive0-static.pragmaticplaylive.net/desktop/highflyer/
2025-12-30T12:37:35.555Z,2.47,https://prelive0-static.pragmaticplaylive.net/desktop/highflyer/
2025-12-30T12:38:01.266Z,3.34,https://prelive0-static.pragmaticplaylive.net/desktop/highflyer/
2025-12-30T12:38:12.364Z,1,https://prelive0-static.pragmaticplaylive.net/desktop/highflyer/
2025-12-30T12:38:27.058Z,1.35,https://prelive0-static.pragmaticplaylive.net/desktop/highflyer/
2025-12-30T12:38:43.708Z,1.56,https://prelive0-static.pragmaticplaylive.net/desktop/highflyer/
2025-12-30T12:38:58.832Z,1.36,https://prelive0-static.pragmaticplaylive.net/desktop/highflyer/
2025-12-30T12:39:17.326Z,1.86,https://prelive0-static.pragmaticplaylive.net/desktop/highflyer/
2025-12-30T12:39:33.535Z,1.53,https://prelive0-static.pragmaticplaylive.net/desktop/highflyer/
2025-12-30T12:40:02.293Z,4.28,https://prelive0-static.pragmaticplaylive.net/desktop/highflyer/
2025-12-30T12:40:15.600Z,1.19,https://prelive0-static.pragmaticplaylive.net/desktop/highflyer/
2025-12-30T12:40:28.099Z,1.12,https://prelive0-static.pragmaticplaylive.net/desktop/highflyer/
2025-12-30T12:40:47.604Z,1.99,https://prelive0-static.pragmaticplaylive.net/desktop/highflyer/
2025-12-30T12:41:10.097Z,2.53,https://prelive0-static.pragmaticplaylive.net/desktop/highflyer/
2025-12-30T12:41:25.598Z,1.42,https://prelive0-static.pragmaticplaylive.net/desktop/highflyer/
2025-12-30T12:41:48.684Z,2.7,https://prelive0-static.pragmaticplaylive.net/desktop/highflyer/
2025-12-30T12:42:06.567Z,1.75,https://prelive0-static.pragmaticplaylive.net/desktop/highflyer/
2025-12-30T12:42:30.603Z,2.9,https://prelive0-static.pragmaticplaylive.net/desktop/highflyer/
2025-12-30T12:42:42.615Z,1.06,https://prelive0-static.pragmaticplaylive.net/desktop/highflyer/
2025-12-30T12:43:05.126Z,2.58,https://prelive0-static.pragmaticplaylive.net/desktop/highflyer/
2025-12-30T12:43:32.084Z,3.7,https://prelive0-static.pragmaticplaylive.net/desktop/highflyer/
2025-12-30T12:44:30.231Z,49.04,https://prelive0-static.pragmaticplaylive.net/desktop/highflyer/
2025-12-30T12:44:44.299Z,1.28,https://prelive0-static.pragmaticplaylive.net/desktop/highflyer/
2025-12-30T12:44:58.283Z,1.25,https://prelive0-static.pragmaticplaylive.net/desktop/highflyer/
2025-12-30T12:46:07.129Z,119.93,https://prelive0-static.pragmaticplaylive.net/desktop/highflyer/
2025-12-30T12:46:25.601Z,1.84,https://prelive0-static.pragmaticplaylive.net/desktop/highflyer/
2025-12-30T12:46:47.373Z,2.4,https://prelive0-static.pragmaticplaylive.net/desktop/highflyer/
2025-12-30T12:47:00.868Z,1.21,https://prelive0-static.pragmaticplaylive.net/desktop/highflyer/
2025-12-30T12:47:18.137Z,1.65,https://prelive0-static.pragmaticplaylive.net/desktop/highflyer/
2025-12-30T12:47:32.204Z,1.26,https://prelive0-static.pragmaticplaylive.net/desktop/highflyer/
2025-12-30T12:47:46.249Z,1.28,https://prelive0-static.pragmaticplaylive.net/desktop/highflyer/
2025-12-30T12:48:07.012Z,2.21,https://prelive0-static.pragmaticplaylive.net/desktop/highflyer/
2025-12-30T12:48:44.545Z,8.91,https://prelive0-static.pragmaticplaylive.net/desktop/highflyer/
2025-12-30T12:48:56.482Z,1.05,https://prelive0-static.pragmaticplaylive.net/desktop/highflyer/
2025-12-30T12:49:07.431Z,1.01,https://prelive0-static.pragmaticplaylive.net/desktop/highflyer/
2025-12-30T12:49:51.290Z,15.08,https://prelive0-static.pragmaticplaylive.net/desktop/highflyer/
2025-12-30T12:50:13.782Z,2.54,https://prelive0-static.pragmaticplaylive.net/desktop/highflyer/
2025-12-30T12:50:35.519Z,2.4,https://prelive0-static.pragmaticplaylive.net/desktop/highflyer/
2025-12-30T12:50:49.563Z,1.27,https://prelive0-static.pragmaticplaylive.net/desktop/highflyer/
2025-12-30T12:51:06.302Z,1.58,https://prelive0-static.pragmaticplaylive.net/desktop/highflyer/
2025-12-30T12:51:56.143Z,24.82,https://prelive0-static.pragmaticplaylive.net/desktop/highflyer/
2025-12-30T12:52:07.219Z,1,https://prelive0-static.pragmaticplaylive.net/desktop/highflyer/
2025-12-30T12:52:29.354Z,2.48,https://prelive0-static.pragmaticplaylive.net/desktop/highflyer/
2025-12-30T12:52:58.406Z,4.42,https://prelive0-static.pragmaticplaylive.net/desktop/highflyer/
2025-12-30T12:53:10.435Z,1.07,https://prelive0-static.pragmaticplaylive.net/desktop/highflyer/
2025-12-30T12:53:39.319Z,4.35,https://prelive0-static.pragmaticplaylive.net/desktop/highflyer/
2025-12-30T12:53:51.492Z,1.07,https://prelive0-static.pragmaticplaylive.net/desktop/highflyer/
2025-12-30T12:54:18.007Z,3.59,https://prelive0-static.pragmaticplaylive.net/desktop/highflyer/
2025-12-30T12:54:41.762Z,2.84,https://prelive0-static.pragmaticplaylive.net/desktop/highflyer/
2025-12-30T12:54:57.018Z,1.39,https://prelive0-static.pragmaticplaylive.net/desktop/highflyer/
2025-12-30T12:55:07.984Z,1.01,https://prelive0-static.pragmaticplaylive.net/desktop/highflyer/
2025-12-30T12:55:18.988Z,1,https://prelive0-static.pragmaticplaylive.net/desktop/highflyer/
2025-12-30T12:55:29.997Z,1.01,https://prelive0-static.pragmaticplaylive.net/desktop/highflyer/
2025-12-30T12:55:43.660Z,1.24,https://prelive0-static.pragmaticplaylive.net/desktop/highflyer/
2025-12-30T12:55:55.380Z,1.03,https://prelive0-static.pragmaticplaylive.net/desktop/highflyer/
2025-12-30T12:56:12.829Z,1.7,https://prelive0-static.pragmaticplaylive.net/desktop/highflyer/
2025-12-30T12:56:36.216Z,2.76,https://prelive0-static.pragmaticplaylive.net/desktop/highflyer/
2025-12-30T12:57:04.509Z,4.1,https://prelive0-static.pragmaticplaylive.net/desktop/highflyer/
2025-12-30T12:57:15.610Z,1,https://prelive0-static.pragmaticplaylive.net/desktop/highflyer/
2025-12-30T12:57:39.683Z,2.93,https://prelive0-static.pragmaticplaylive.net/desktop/highflyer/
2025-12-30T12:58:01.438Z,2.4,https://prelive0-static.pragmaticplaylive.net/desktop/highflyer/
2025-12-30T12:58:12.459Z,1.01,https://prelive0-static.pragmaticplaylive.net/desktop/highflyer/
2025-12-30T12:58:29.943Z,1.71,https://prelive0-static.pragmaticplaylive.net/desktop/highflyer/
2025-12-30T12:58:50.829Z,2.23,https://prelive0-static.pragmaticplaylive.net/desktop/highflyer/
2025-12-30T12:59:07.898Z,1.63,https://prelive0-static.pragmaticplaylive.net/desktop/highflyer/
2025-12-30T12:59:28.250Z,2.12,https://prelive0-static.pragmaticplaylive.net/desktop/highflyer/
2025-12-30T12:59:39.588Z,1.02,https://prelive0-static.pragmaticplaylive.net/desktop/highflyer/
2025-12-30T12:59:51.671Z,1.08,https://prelive0-static.pragmaticplaylive.net/desktop/highflyer/
2025-12-30T13:00:15.732Z,2.88,https://prelive0-static.pragmaticplaylive.net/desktop/highflyer/
2025-12-30T13:01:02.900Z,19.77,https://prelive0-static.pragmaticplaylive.net/desktop/highflyer/
2025-12-30T13:01:17.365Z,1.32,https://prelive0-static.pragmaticplaylive.net/desktop/highflyer/
2025-12-30T13:01:58.847Z,12.26,https://prelive0-static.pragmaticplaylive.net/desktop/highflyer/
2025-12-30T13:02:21.520Z,2.59,https://prelive0-static.pragmaticplaylive.net/desktop/highflyer/
2025-12-30T13:02:38.411Z,1.61,https://prelive0-static.pragmaticplaylive.net/desktop/highflyer/
2025-12-30T13:03:05.508Z,3.73,https://prelive0-static.pragmaticplaylive.net/desktop/highflyer/
2025-12-30T13:03:19.047Z,1.22,https://prelive0-static.pragmaticplaylive.net/desktop/highflyer/
2025-12-30T13:03:42.137Z,2.69,https://prelive0-static.pragmaticplaylive.net/desktop/highflyer/
2025-12-30T13:04:04.335Z,2.49,https://prelive0-static.pragmaticplaylive.net/desktop/highflyer/
2025-12-30T13:04:24.001Z,2.03,https://prelive0-static.pragmaticplaylive.net/desktop/highflyer/
2025-12-30T13:05:02.576Z,9.59,https://prelive0-static.pragmaticplaylive.net/desktop/highflyer/
2025-12-30T13:05:16.142Z,1.23,https://prelive0-static.pragmaticplaylive.net/desktop/highflyer/
2025-12-30T13:05:30.543Z,1.29,https://prelive0-static.pragmaticplaylive.net/desktop/highflyer/
2025-12-30T13:05:46.064Z,1.43,https://prelive0-static.pragmaticplaylive.net/desktop/highflyer/
2025-12-30T13:05:57.015Z,1,https://prelive0-static.pragmaticplaylive.net/desktop/highflyer/
2025-12-30T13:06:32.653Z,7.57,https://prelive0-static.pragmaticplaylive.net/desktop/highflyer/
2025-12-30T13:06:43.667Z,1.01,https://prelive0-static.pragmaticplaylive.net/desktop/highflyer/
2025-12-30T13:07:05.214Z,2.37,https://prelive0-static.pragmaticplaylive.net/desktop/highflyer/
2025-12-30T13:07:26.776Z,2.36,https://prelive0-static.pragmaticplaylive.net/desktop/highflyer/
2025-12-30T13:07:54.101Z,3.83,https://prelive0-static.pragmaticplaylive.net/desktop/highflyer/
2025-12-30T13:08:11.620Z,1.7,https://prelive0-static.pragmaticplaylive.net/desktop/highflyer/
2025-12-30T13:08:28.027Z,1.54,https://prelive0-static.pragmaticplaylive.net/desktop/highflyer/
2025-12-30T13:08:51.300Z,2.7,https://prelive0-static.pragmaticplaylive.net/desktop/highflyer/
2025-12-30T13:09:05.128Z,1.25,https://prelive0-static.pragmaticplaylive.net/desktop/highflyer/
2025-12-30T13:09:27.514Z,2.5,https://prelive0-static.pragmaticplaylive.net/desktop/highflyer/
2025-12-30T13:09:54.141Z,3.61,https://prelive0-static.pragmaticplaylive.net/desktop/highflyer/